{
  "Logout": "تسجيل الخروج",
  "Login": "تسجيل الدخول",
  "SignUp": "سجل",
  "Contact Us": "اتصل بنا",
  "Have A Question?": "هل لديك سؤال؟",
  "Let's Have A Talk Together": "لنتحدث معًا",
  "Send now": "ارسل الان",
  "Explore our Latest Blogs": "استكشف أحدث مدوناتنا",
  "View All": "عرض الكل",
  "Tax Hub sees itself as a partner to each of its clients - supporting and providing reliable and intelligent business solutions and maintaining dynamic professional relationship.": "ترى Tax Hub نفسها كشريك لكل من عملائها - حيث تدعم وتقدم حلول أعمال موثوقة وذكية وتحافظ على علاقة مهنية ديناميكية.",
  "Lorem ipsum dolor sit amet":"أنا آسف على الألم،",
  "Lorem ipsum dolor sit amet, consectetur adipiscing elit, sed do eiusmod tempor incididunt ut labore et dolore magna aliqua. Ut enim ad minim veniam, quis nostrud exercitation ullamco laboris nisi ut aliquip ex ea commodo consequat. Duis aute irure dolor in reprehenderit in volu":"من المهم الاعتناء بالمريض، وأن يتبعه المريض، لكن ذلك سيحدث في وقت يكون فيه الكثير من العمل والألم. فبالنسبة لأدق التفاصيل، لا يجوز لأحد أن يمارس أي عمل إلا إذا استفاد منه بعض الشيء. دويس أو ألم غير طبيعي في الخطأ أثناء الرحلة",
  "Read more":"اقرأ أكثر",
  "Edit":"يحرر",
  "Delete":"يمسح"
}