{
  "Logout": "Logout",
  "Login": "Login",
  "SignUp": "SignUp",
  "Contact Us": "Contact Us",
  "Have A Question?" : "Have A Question?",
  "Let's Have A Talk Together" : "Let's Have A Talk Together",
  "Send now" : "Send now",
  "Explore our Latest Blogs":"Explore our Latest Blogs",
  "View All":"View All",
  "Tax Hub sees itself as a partner to each of its clients - supporting and providing reliable and intelligent business solutions and maintaining dynamic professional relationship.":"Tax Hub sees itself as a partner to each of its clients - supporting and providing reliable and intelligent business solutions and maintaining dynamic professional relationship.",
  "Lorem ipsum dolor sit amet":"Lorem ipsum dolor sit amet",
  "Lorem ipsum dolor sit amet, consectetur adipiscing elit, sed do eiusmod tempor incididunt ut labore et dolore magna aliqua. Ut enim ad minim veniam, quis nostrud exercitation ullamco laboris nisi ut aliquip ex ea commodo consequat. Duis aute irure dolor in reprehenderit in volu":"Lorem ipsum dolor sit amet, consectetur adipiscing elit, sed do eiusmod tempor incididunt ut labore et dolore magna aliqua. Ut enim ad minim veniam, quis nostrud exercitation ullamco laboris nisi ut aliquip ex ea commodo consequat. Duis aute irure dolor in reprehenderit in volu",
  "Read more":"Read more",
  "Edit":"Edit",
  "Delete":"Delete"
}